fname,lname,email,school,year,source
Agace,Woollett,awoollett0@ihg.com,Rosslyn Polytechnic University,College Senior,Handshake
Marje,Hurford,mhurford1@tiny.cc,Clarendon State University,College Senior,Handshake
Carlota,Myers,cmyers2@aboutads.info,Rosslyn Polytechnic University,College Junior,Handshake
Jere,Atrill,jatrill3@auda.org.au,University of Arlington,College Sophomore,Handshake
Montague,Buckley,mbuckley4@soup.io,University of Arlington,College Senior,Handshake
Pattie,Petersen,ppetersen5@harvard.edu,University of Arlington,College Senior,Handshake
Ike,McCarroll,imccarroll6@qq.com,Rosslyn Polytechnic University,College Sophomore,Referral
Natty,Schulz,nschulz7@imdb.com,Clarendon State University,College Senior,Handshake
Weider,Possel,wpossel8@infoseek.co.jp,University of Arlington,College Junior,Handshake
Tonye,Selesnick,tselesnick9@meetup.com,Rosslyn Polytechnic University,College Senior,Handshake
Milli,O'Hara,moharaa@biglobe.ne.jp,University of Arlington,College Junior,Social Media
Delano,Dodman,ddodmanb@macromedia.com,Pentagon City Community College,College Freshman,Handshake
Oby,Woosnam,owoosnamc@multiply.com,University of Arlington,College Freshman,Handshake
Darla,Willman,dwillmand@vkontakte.ru,Crystal City Community College,College Sophomore,Handshake
Ragnar,Peaddie,rpeaddiee@flavors.me,Pentagon City Community College,College Sophomore,Handshake
Carmina,Becraft,cbecraftf@e-recht24.de,Pentagon City Community College,College Sophomore,Handshake
Elyn,Mendel,emendelg@statcounter.com,Ballston College,College Senior,Handshake
Elset,Maciak,emaciakh@umn.edu,Rosslyn Polytechnic University,College Sophomore,Handshake
Elysia,Giacopelo,egiacopeloi@oaic.gov.au,Pentagon City Community College,College Sophomore,Handshake
Natalina,Webben,nwebbenj@dedecms.com,Ballston College,College Sophomore,Handshake
Lucien,Widmoor,lwidmoork@yahoo.com,Rosslyn Polytechnic University,College Junior,Handshake
Yance,Hollindale,yhollindalel@census.gov,Crystal City Community College,College Sophomore,Handshake
Roxanne,Baudy,rbaudym@ft.com,Rosslyn Polytechnic University,College Junior,Handshake
Dian,Molyneux,dmolyneuxn@imageshack.us,Clarendon State University,College Freshman,Handshake
Kristoforo,Sheward,kshewardo@utexas.edu,Clarendon State University,College Senior,Handshake
Sheilah,Habeshaw,shabeshawp@globo.com,Rosslyn Polytechnic University,College Senior,Handshake
Maryjane,Axelbey,maxelbeyq@sun.com,Ballston College,College Senior,Handshake
Candy,Tebbit,ctebbitr@google.it,Ballston College,College Freshman,Handshake
Randy,Bothen,rbothens@oracle.com,Crystal City Community College,College Sophomore,Other
Albert,Anthona,aanthonat@oakley.com,University of Arlington,College Junior,Handshake
Stormy,Fawlkes,sfawlkesu@godaddy.com,Crystal City Community College,College Freshman,Handshake
Donovan,Kornalik,dkornalikv@tinyurl.com,Clarendon State University,College Junior,Handshake
Hilda,Blenkiron,hblenkironw@deviantart.com,University of Arlington,College Sophomore,Handshake
Olivier,Lattin,olattinx@blogspot.com,Crystal City Community College,College Freshman,Handshake
Kelsey,Munslow,kmunslowy@smh.com.au,Ballston College,College Sophomore,Handshake
Elnar,Ward,ewardz@aboutads.info,Clarendon State University,College Freshman,Handshake
Devonne,Mackelworth,dmackelworth10@addthis.com,University of Arlington,College Senior,Social Media
Sherilyn,Dallman,sdallman11@mail.ru,Ballston College,College Sophomore,Handshake
Von,Spain,vspain12@friendfeed.com,Ballston College,College Freshman,Handshake
Susette,Rampton,srampton13@ucla.edu,Rosslyn Polytechnic University,College Senior,Handshake
Caterina,Varley,cvarley14@bBallston College.co.uk,University of Arlington,College Senior,Handshake
Katherine,Caddell,kcaddell15@histats.com,University of Arlington,College Junior,Handshake
Dido,Mattheeuw,dmattheeuw16@paypal.com,Ballston College,College Junior,Handshake
Pansie,Burndred,pburndred17@cnet.com,Ballston   College,College Senior,Handshake
Osborn,Tabbernor,otabbernor18@vimeo.com,Ballston College,College Sophomore,Handshake
Jewel,Antognazzi,jantognazzi19@skyrock.com,Pentagon City Community College,College Freshman,Handshake
Valentijn,Tume,vtume1a@a8.net,University of Arlington  ,College Sophomore,Handshake
Yoshiko,Tartt,ytartt1b@sciencedaily.com,Clarendon State University,College Freshman,Handshake
Kym,Shildrake,kshildrake1c@omniture.com,Crystal City Community College,College Sophomore,Handshake
Beth,Blackhurst,bblackhurst1d@wufoo.com,Pentagon City Community College,College Sophomore,Handshake
Gavin,Domeney,gdomeney1e@vimeo.com,University of Arlington,College Freshman,Handshake
Alleen,Tibbles,atibbles1f@about.me,Rosslyn Polytechnic University,College Senior,Social Media
Russ,Eliyahu,reliyahu1g@ning.com,Clarendon State University,College Senior,Handshake
Karin,Deveril,kdeveril1h@php.net,Crystal City Community College,College Freshman,Handshake
Mala,Weatherell,mweatherell1i@comcast.net,University of Arlington,College Sophomore,Handshake
Payton,Heineken,pheineken1j@deliciousdays.com,Ballston College,College Freshman,Handshake
Bernadene,Maydwell,bmaydwell1k@europa.eu,Clarendon State University,College Junior,Handshake
Bernadine,McGrotty,bmcgrotty1l@chron.com,University of Arlington,College Senior,Handshake
Barny,Foxcroft,bfoxcroft1m@mtv.com,University of Arlington,College Senior,Handshake
Irv,Tingley,itingley1n@yellowbook.com,Clarendon State University,College Senior,Handshake
Ilario,Senescall,isenescall1o@apple.com,Pentagon City Community College,College Freshman,Handshake
Florina,Clarage,fclarage1p@google.es,Rosslyn Polytechnic University,College Freshman,Handshake
Raoul,Boulds,rboulds1q@1und1.de,Rosslyn Polytechnic University,College Freshman,Handshake
Maible,Dight,mdight1r@examiner.com,University of Arlington,College Freshman,Handshake
Maitilde,Legier,mlegier1s@ocn.ne.jp,University of Arlington,College Junior,Handshake
Evangelina,Craigmyle,ecraigmyle1t@xinhuanet.com,Pentagon City Community College,College Sophomore,Handshake
Bink,Cale,Ballston Collegeale1u@issuu.com,Crystal City Community College,College Sophomore,Handshake
Gianna,Roskam,groskam1v@usnews.com,Ballston College,College Senior,Social Media
Curt,Abrashkin,cabrashkin1w@issuu.com,Pentagon City Community College,College Sophomore,Social Media
Brockie,Tellenbroker,btellenbroker1x@jugem.jp,Rosslyn Polytechnic University,College Sophomore,Handshake
Maddie,Milby,mmilby1y@answers.com,Pentagon City Community College,College Sophomore,Handshake
Ranee,Tippetts,rtippetts1z@ifeng.com,Ballston College,College Junior,Handshake
Yetty,Cordero,ycordero20@e-recht24.de,University of Arlington,College Junior,Handshake
Polly,Riseam,priseam21@slideshare.net,Pentagon City Community College,College Sophomore,Handshake
Melinda,Egglestone,megglestone22@theguardian.com,Crystal City Community College,College Sophomore,Handshake
Dilly,Pottberry,dpottberry23@merriam-webster.com,Rosslyn Polytechnic University,College Freshman,Handshake
Fair,Kuschke,fkuschke24@latimes.com,Crystal City Community College,College Sophomore,Handshake
Whitney,Alvy,walvy25@nba.com,Pentagon City Community College,College Sophomore,Handshake
Federica,Patten,fpatten26@msn.com,Rosslyn Polytechnic University,College Junior,Handshake
Inglebert,Vaneev,ivaneev27@pinterest.com,Rosslyn Polytechnic University,College Freshman,Other
Rutter,Barnewille,rbarnewille28@pcworld.com,Ballston College,College Freshman,Other
Riordan,Schankelborg,rschankelborg29@yelp.com,Rosslyn Polytechnic University,College Sophomore,Handshake
Mick,Sondon,msondon2a@blogtalkradio.com,Ballston College,College Senior,Handshake
Frazer,Antonov,fantonov2b@quantcast.com,Rosslyn Polytechnic University,College Senior,Handshake
Robin,Maud,rmaud2c@acquirethisname.com,Clarendon State University,College Senior,Handshake
Clarisse,Stollenhof,cstollenhof2d@utexas.edu,University of Arlington,College Senior,Handshake
Mel,Acedo,macedo2e@odnoklassniki.ru,Crystal City Community College,College Sophomore,Handshake
Tobey,Kassidy,tkassidy2f@cbslocal.com,Clarendon State University,College Sophomore,Handshake
Muffin,Goane,mgoane2g@devhub.com,Clarendon State University,College Sophomore,Handshake
Celle,Tunnow,ctunnow2h@unblog.fr,Crystal City Community College,College Freshman,Referral
Maryann,Springett,mspringett2i@youtube.com,Crystal City Community College,College Freshman,Handshake
Forester,Meier,fmeier2j@behance.net,University of Arlington,College Freshman,Handshake
Minna,Kolodziej,mkolodziej2k@behance.net,Clarendon State University,College Freshman,Handshake
Levey,Kuhlmey,lkuhlmey2l@sciencedirect.com,Crystal City Community College,College Sophomore,Handshake
Malissia,Harold,mharold2m@tumblr.com,Pentagon City Community College,College Sophomore,Handshake
Von,Jinkinson,vjinkinson2n@photobucket.com,University of Arlington,College Freshman,Handshake
Carlene,Hinchcliffe,chinchcliffe2o@pcworld.com,Rosslyn Polytechnic University,College Sophomore,Handshake
Ursula,Maccree,umaccree2p@fema.gov,Rosslyn Polytechnic University,College Senior,Social Media
Teddy,Haining,thaining2q@smugmug.com,Clarendon State University,College Senior,Handshake
Artair,Doddridge,adoddridge2r@homestead.com,Rosslyn Polytechnic University  ,College Junior,Handshake
Finn,Heaffey,fheaffey2o@com.com,Rosslyn Polytechnic University  ,College Junior,Handshake
Ingrim,Whyke,iwhyke2p@bbb.org,Rosslyn Polytechnic University,College Senior,Handshake
Isadore,Tate,itate2q@theglobeandmail.com,Rosslyn Polytechnic University,College Freshman,Handshake
Rowen,Forward,  rforward2r@youtube.com,Rosslyn Polytechnic University,College Junior,Handshake
